Shoe Tag,Shoe Name,Style,Shoe
shoe_12.jpg,Adidas BYW Select,Low Top,Adidas BYW Select
shoe_244.jpg,Jordan Tatum 1,Low Top,Jordan Tatum 1
shoe_348.jpg,Nike Ja 1,Low Top,Nike Ja 1
shoe_442.jpg,Nike Zoom Freak 4,Low Top,Nike Zoom Freak 4
shoe_506.jpg,Puma TRC Blaze Court,Low Top,Puma TRC Blaze Court
shoe_330.jpg,Nike Cosmic Unity 2,Low Top,Nike Cosmic Unity 2
shoe_332.jpg,Nike Giannis Immortality 2,Low Top,Nike Giannis Immortality 2
shoe_275.jpg,Li-Ning Way of Wade 10,Low Top,Li-Ning Way of Wade 10
shoe_222.jpg,Jordan Luka 1,Low Top,Jordan Luka 1
shoe_426.jpg,Nike Renew Elevate 3,Low Top,Nike Renew Elevate 3
shoe_354.jpg,Nike KD 15,Low Top,Nike KD 15
shoe_394.jpg,Nike Kyrie Low 5,Low Top,Nike Kyrie Low 5
shoe_422.jpg,Nike PG 6,Low Top,Nike PG 6
shoe_69.jpg,Adidas Harden Vol. 6,Low Top,Adidas Harden Vol. 6
shoe_63.jpg,Adidas Harden Stepback 3,Low Top,Adidas Harden Stepback 3
shoe_52.jpg,Adidas Dame 8,Low Top,Adidas Dame 8
shoe_94.jpg,Adidas Trae Young 1,Low Top,Adidas Trae Young 1
shoe_54.jpg,Adidas Exhibit A,Low Top,Adidas Exhibit A
shoe_570.jpg,Under Armour Flow FUTR X,Low Top,Under Armour Flow FUTR X
shoe_331.jpg,Nike Giannis Immortality,Low Top,Nike Giannis Immortality
shoe_441.jpg,Nike Zoom Freak 3,Low Top,Nike Zoom Freak 3
shoe_393.jpg,Nike Kyrie Low 4,Low Top,Nike Kyrie Low 4
shoe_361.jpg,Nike KD Trey 5 IX,Low Top,Nike KD Trey 5 IX
shoe_497.jpg,Puma Court Rider,Low Top,Puma Court Rider
shoe_329.jpg,Nike Cosmic Unity,Low Top,Nike Cosmic Unity
shoe_421.jpg,Nike PG 5,Low Top,Nike PG 5
shoe_283.jpg,Li-Ning Way of Wade 9,Low Top,Li-Ning Way of Wade 9
shoe_68.jpg,Adidas Harden Vol. 5,Low Top,Adidas Harden Vol. 5
shoe_370.jpg,Nike Kobe 6 Protro,Low Top,Nike Kobe 6 Protro
shoe_62.jpg,Adidas Harden Stepback 2,Low Top,Adidas Harden Stepback 2
shoe_494.jpg,Puma Clyde All-Pro,Low Top,Puma Clyde All-Pro
shoe_51.jpg,Adidas Dame 7,Low Top,Adidas Dame 7
shoe_392.jpg,Nike Kyrie Low 3,Low Top,Nike Kyrie Low 3
shoe_440.jpg,Nike Zoom Freak 2,Low Top,Nike Zoom Freak 2
shoe_575.jpg,Under Armour HOVR Havoc 3,Low Top,Under Armour HOVR Havoc 3
shoe_319.jpg,Nike Air Zoom BB NXT,Low Top,Nike Air Zoom BB NXT
shoe_303.jpg,Nike Adapt BB 2.0,Low Top,Nike Adapt BB 2.0
shoe_369.jpg,Nike Kobe 5 Protro,Low Top,Nike Kobe 5 Protro
shoe_420.jpg,Nike PG 4,Low Top,Nike PG 4
shoe_387.jpg,Nike Kyrie Flytrap 3,Low Top,Nike Kyrie Flytrap 3
shoe_61.jpg,Adidas Harden Stepback,Low Top,Adidas Harden Stepback
shoe_547.jpg,Under Armour Anatomix Spawn 2,Low Top,Under Armour Anatomix Spawn 2
shoe_50.jpg,Adidas Dame 6,Low Top,Adidas Dame 6
shoe_496.jpg,Puma Clyde Hardwood,Low Top,Puma Clyde Hardwood
shoe_561.jpg,Under Armour Curry 7,Low Top,Under Armour Curry 7
shoe_67.jpg,Adidas Harden Vol. 4,Low Top,Adidas Harden Vol. 4
shoe_364.jpg,Nike KD Trey 5 VII,Low Top,Nike KD Trey 5 VII
shoe_85.jpg,Adidas Pro Bounce 2019 Low,Low Top,Adidas Pro Bounce 2019 Low
shoe_439.jpg,Nike Zoom Freak 1,Low Top,Nike Zoom Freak 1
shoe_391.jpg,Nike Kyrie Low 2,Low Top,Nike Kyrie Low 2
shoe_414.jpg,Nike Mamba Focus,Low Top,Nike Mamba Focus
shoe_548.jpg,Under Armour Anatomix Spawn Low,Low Top,Under Armour Anatomix Spawn Low
shoe_419.jpg,Nike PG 3,Low Top,Nike PG 3
shoe_508.jpg,Puma Uproar,Low Top,Puma Uproar
shoe_302.jpg,Nike Adapt BB,Low Top,Nike Adapt BB
shoe_560.jpg,Under Armour Curry 6,Low Top,Under Armour Curry 6
shoe_281.jpg,Li-Ning Way of Wade 7,Low Top,Li-Ning Way of Wade 7
shoe_66.jpg,Adidas Harden Vol. 3,Low Top,Adidas Harden Vol. 3
shoe_221.jpg,Jordan Jumpman Hustle,Low Top,Jordan Jumpman Hustle
shoe_576.jpg,Under Armour HOVR Havoc Low,Low Top,Under Armour HOVR Havoc Low
shoe_372.jpg,Nike Kobe AD Exodus,Low Top,Nike Kobe AD Exodus
shoe_342.jpg,Nike Hyperdunk X Low,Low Top,Nike Hyperdunk X Low
shoe_418.jpg,Nike PG 2.5,Low Top,Nike PG 2.5
shoe_375.jpg,Nike Kobe AD NXT 360,Low Top,Nike Kobe AD NXT 360
shoe_65.jpg,Adidas Harden Vol. 2,Low Top,Adidas Harden Vol. 2
shoe_417.jpg,Nike PG 2,Low Top,Nike PG 2
shoe_280.jpg,Li-Ning Way of Wade 6,Low Top,Li-Ning Way of Wade 6
shoe_48.jpg,Adidas Dame 4,Low Top,Adidas Dame 4
shoe_477.jpg,Nike Zoom Shift,Low Top,Nike Zoom Shift
shoe_349.jpg,Nike KD 10,Low Top,Nike KD 10
shoe_374.jpg,Nike Kobe AD NXT,Low Top,Nike Kobe AD NXT
shoe_549.jpg,Under Armour Charged Controller,Low Top,Under Armour Charged Controller
shoe_471.jpg,Nike Zoom Live 2017,Low Top,Nike Zoom Live 2017
shoe_502.jpg,Puma MB.02,Mid Top,Puma MB.02
shoe_256.jpg,Jordan Zion 2,Mid Top,Jordan Zion 2
shoe_501.jpg,Puma MB.01,Mid Top,Puma MB.01
shoe_255.jpg,Jordan Zion 1,Mid Top,Jordan Zion 1
shoe_79.jpg,Adidas N3XT L3V3L Futurenatural,Mid Top,Adidas N3XT L3V3L Futurenatural
shoe_353.jpg,Nike KD 14,Mid Top,Nike KD 14
shoe_475.jpg,Nike Zoom Rize 2,Mid Top,Nike Zoom Rize 2
shoe_30.jpg,Adidas D Rose 11,Mid Top,Adidas D Rose 11
shoe_385.jpg,Nike Kyrie 7,Mid Top,Nike Kyrie 7
shoe_378.jpg,Nike Kybrid S2,Mid Top,Nike Kybrid S2
shoe_352.jpg,Nike KD 13,Mid Top,Nike KD 13
shoe_365.jpg,Nike KD Trey 5 VIII,Mid Top,Nike KD Trey 5 VIII
shoe_86.jpg,Adidas Pro Model 2G,Mid Top,Adidas Pro Model 2G
shoe_351.jpg,Nike KD 12,Mid Top,Nike KD 12
shoe_49.jpg,Adidas Dame 5,Mid Top,Adidas Dame 5
shoe_88.jpg,Adidas Pro Vision,Mid Top,Adidas Pro Vision
shoe_76.jpg,Adidas Marquee Boost,Mid Top,Adidas Marquee Boost
shoe_350.jpg,Nike KD 11,Mid Top,Nike KD 11
shoe_559.jpg,Under Armour Curry 5,Mid Top,Under Armour Curry 5
shoe_382.jpg,Nike Kyrie 4,Mid Top,Nike Kyrie 4
shoe_117.jpg,Air Jordan 32,Mid Top,Air Jordan 32
shoe_238.jpg,Jordan Super.Fly 2017,Mid Top,Jordan Super.Fly 2017
shoe_373.jpg,Nike Kobe AD Mid,Mid Top,Nike Kobe AD Mid
shoe_556.jpg,Under Armour Curry 3Zero,Mid Top,Under Armour Curry 3Zero
shoe_228.jpg,Jordan Melo M13,Mid Top,Jordan Melo M13
shoe_47.jpg,Adidas Dame 3,Mid Top,Adidas Dame 3
shoe_381.jpg,Nike Kyrie 3,Mid Top,Nike Kyrie 3
shoe_554.jpg,Under Armour Curry 3,Mid Top,Under Armour Curry 3
shoe_116.jpg,Air Jordan 31,Mid Top,Air Jordan 31
shoe_304.jpg,Nike Air Deldon,High Top,Nike Air Deldon
shoe_122.jpg,Air Jordan 37,High Top,Air Jordan 37
shoe_121.jpg,Air Jordan 36,High Top,Air Jordan 36
shoe_120.jpg,Air Jordan 35,High Top,Air Jordan 35
shoe_237.jpg,Jordan React Elevation,High Top,Jordan React Elevation
shoe_424.jpg,Nike Renew Elevate,High Top,Nike Renew Elevate
shoe_78.jpg,Adidas N3XT L3V3L 2020,High Top,Adidas N3XT L3V3L 2020
shoe_282.jpg,Li-Ning Way of Wade 8,High Top,Li-Ning Way of Wade 8
shoe_384.jpg,Nike Kyrie 6,High Top,Nike Kyrie 6
shoe_297.jpg,New Balance OMN1S,High Top,New Balance OMN1S
shoe_29.jpg,Adidas D Rose 10,High Top,Adidas D Rose 10
shoe_219.jpg,Jordan Jumpman 2020,High Top,Jordan Jumpman 2020
shoe_119.jpg,Air Jordan 34,High Top,Air Jordan 34
shoe_327.jpg,Nike AlphaDunk,High Top,Nike AlphaDunk
shoe_474.jpg,Nike Zoom Rize,High Top,Nike Zoom Rize
shoe_574.jpg,Under Armour HOVR Havoc 2,High Top,Under Armour HOVR Havoc 2
shoe_181.jpg,Converse All Star Pro BB,High Top,Converse All Star Pro BB
shoe_77.jpg,Adidas N3XT L3V3L,High Top,Adidas N3XT L3V3L
shoe_383.jpg,Nike Kyrie 5,High Top,Nike Kyrie 5
shoe_118.jpg,Air Jordan 33,High Top,Air Jordan 33
shoe_242.jpg,Jordan Super.Fly MVP L,High Top,Jordan Super.Fly MVP L
shoe_341.jpg,Nike Hyperdunk X,High Top,Nike Hyperdunk X
shoe_40.jpg,Adidas D Rose 9,High Top,Adidas D Rose 9
shoe_16.jpg,Adidas Crazy BYW X,High Top,Adidas Crazy BYW X
shoe_558.jpg,Under Armour Curry 4,High Top,Under Armour Curry 4
shoe_39.jpg,Adidas D Rose 8,High Top,Adidas D Rose 8
shoe_567.jpg,Under Armour Drive 4,High Top,Under Armour Drive 4
